{"cameraMode":{"drawMode":0,"name":"Shaded","section":"Shading Mode"},"sceneLighting":false,"audioPlay":false,"sceneViewState":{"m_AlwaysRefresh":false,"showFog":true,"showSkybox":false,"showFlares":true,"showImageEffects":true,"showParticleSystems":true,"showVisualEffectGraphs":true,"m_FxEnabled":true},"in2DMode":false,"pivot":{"x":-0.08611583709716797,"y":5.165646553039551,"z":-1.3876101970672608},"rotation":{"x":0.2535327672958374,"y":-0.03481509909033775,"z":0.009131185710430146,"w":0.966658353805542},"size":28.325502395629884,"orthographic":false}